"series","last","max","avg"
"pod=doctrine-demo-6f7d59bb5d-5jl54","225280","225280","225280"
"pod=doctrine-demo-6f7d59bb5d-6bcqr","245760","4083712","254542,4989"
"pod=doctrine-demo-6f7d59bb5d-gmpb2","221184","221184","221184"
"pod=doctrine-demo-6f7d59bb5d-xt7qd","221184","221184","221184"
"pod=doctrine-demo-6f7d59bb5d-zhj6n","221184","221184","221048,967"
"pod=doctrine-demo-7f59449c44-vbzjg","31113216","31625216","29426819,0635"
"pod=doctrine-demo-b8d86f44-br2z6","217088","217088","217088"
